start_time,init_thresh,hit_thresh,Force,hold_time,duration,success,peak
1.4560678005218506,50.0,100.0,"{'time, angle': '(-219, 1),(-205, 2),(-200, 3),(-195, 4),(-190, 5),(-186, 6),(-180, 7),(-177, 8),(-175, 9),(-171, 10),(-167, 11),(-165, 12),(-162, 13),(-158, 14),(-157, 15),(-154, 16),(-152, 17),(-149, 18),(-147, 19),(-144, 20),(-142, 21),(-134, 22),(-133, 23),(-133, 24),(-133, 25),(-131, 26),(-128, 27),(-125, 28),(-123, 29),(-121, 30),(-119, 31),(-115, 32),(-112, 33),(-108, 34),(-107, 35),(-103, 36),(-100, 37),(-96, 38),(-91, 39),(-85, 40),(-75, 41),(-71, 42),(-62, 43),(-53, 44),(-44, 45),(-34, 46),(-23, 47),(-16, 48),(-7, 49),(0, 50),(4, 51),(10, 52),(15, 53),(22, 54),(28, 55),(32, 56),(40, 57),(41, 58),(47, 59),(52, 60),(58, 61),(65, 62),(73, 63),(83, 64),(95, 65),(110, 66),(124, 67),(138, 68),(149, 69),(153, 70),(159, 71),(165, 72),(172, 73),(179, 74),(184, 75),(190, 76),(202, 77),(203, 78),(210, 79),(214, 80),(221, 81),(229, 82),(237, 83),(249, 84),(260, 85),(269, 86),(276, 87),(283, 88),(287, 89),(293, 90),(299, 91),(308, 92),(312, 93),(318, 94),(324, 95),(330, 96),(336, 97),(344, 98),(350, 99),(357, 100),(363, 101),(374, 102),(375, 103),(379, 104),(384, 105),(388, 106),(392, 107),(396, 108),(400, 109),(404, 110),(420, 111),(423, 112),(453, 113),(457, 114),(460, 115),(464, 116),(467, 117),(472, 118),(476, 119),(480, 120),(487, 121),(489, 122),(494, 123),(498, 124),(503, 125),(507, 126),(513, 127),(517, 128),(522, 129),(527, 130),(533, 131),(539, 132),(549, 133),(553, 134),(561, 135),(568, 136),(575, 137),(581, 138),(586, 139),(592, 140),(597, 141),(603, 142),(609, 143),(613, 144),(620, 145),(626, 146),(633, 147),(639, 148),(648, 149),(664, 150),(669, 151),(689, 152),(837, 153),(869, 154),(884, 155),(903, 156),(924, 157),(942, 158),(955, 159),(972, 160),(988, 161),(1004, 162),(1023, 163),(1037, 164),(1054, 165),(1074, 166),(1092, 167),(1116, 168),(1138, 169),(1162, 170),(1197, 171),(1226, 172),(1253, 173),(1284, 174),(1318, 175),(1421, 174),(1435, 173),(1446, 172),(1461, 171),(1464, 170),(1473, 169),(1477, 168),(1482, 167),(1488, 166),(1493, 165),(1498, 164),(1503, 163),(1522, 162),(1529, 161),(1534, 160),(1542, 159),(1552, 158),(1570, 157),(1599, 156),(1670, 157),(2020, 156),(2044, 155),(2059, 154),(2075, 153),(2097, 152),(2120, 151),(2140, 150),(2155, 149),(2175, 148),(2202, 147),(2237, 146),(2281, 145),(2330, 144)'}",1000.0,1.361820936203003,True,175
